current_figure_number,tex_file,label,section,current_image_path,short_title,long_caption,action,replacement_image,border_needed,ocr_needed,target_section,duplicate_of,delete_confirmed
,,,,.DS_Store,,,intentionally_excluded,,no,no,,,no
,,,,cover/cover.png,,,non_dissertation_asset,,no,no,,,no
6.4,chap6/credit_scoring.tex,fig:abc_auc_features,Score Design Rationale,discussion/ABC scores AUC+top features.png,A B C Score Comparison,A/B/C score AUC comparison and top features for each score type. The declining AUC from A to C reflects the decreasing richness of available features at each lifecycle stage.,included,,no,no,Score Design Rationale,,no
,,,,discussion/Bureau_features.png,,,converted_to_table,,yes,yes,Chapter 6 / A/B/C framework,,yes
,,,,discussion/Credit_Card_Balance_correlation_matrix_key.png,,,intentionally_excluded,,no,no,,,no
,,,,discussion/Credit_Card_Balance_features.png,,,converted_to_table,,yes,yes,Chapter 4 / POS and credit card features,,yes
3.23,chap3/data_collection.tex,fig:ext_source_discussion,External Risk Score Analysis,discussion/EXT SOURCE distribution analysis.png,"Extended analysis of EXT\_SOURCE distributions including cross-tabulation with demographic features,","Extended analysis of EXT\_SOURCE distributions including cross-tabulation with demographic features, revealing how external scores interact with applicant characteristics.",included,,no,no,External Risk Score Analysis,,no
,,,,discussion/EXT_SOURCE relationship with installment history? answer - NO.png,,,intentionally_excluded,,no,no,,,no
,,,,discussion/InterchangeableLogicSummaryTable.jpeg,,,intentionally_excluded,,no,no,,,no
,,,,discussion/LR - top 20 most imp features.png,,,intentionally_excluded,,no,no,,,no
,,,,discussion/N-features and Gini for various trained models.png,,,converted_to_table,,yes,yes,Chapter 5 / Impact of alternative data,,yes
2.1,chap2/literature_review.tex,fig:pr_vs_roc,AUC-ROC vs Precision-Recall Curves,discussion/PRvROC.jpeg,Comparison of ROC and Precision-Recall curves,Comparison of ROC and Precision-Recall curves. The ROC curve (right) shows the trade-off between true positive rate and false positive rate; the PR curve (left) focuses on minority class performance.,included,,no,no,AUC-ROC vs Precision-Recall Curves,,no
3.1,chap3/data_collection.tex,fig:data_model,Physical Data Model,discussion/Physical data model - Table_Relations_home_credit.png,Physical Data Model showing the relational structure of the Home,"Physical Data Model showing the relational structure of the Home Credit dataset. Tables are linked through \texttt{SK\_ID\_CURR} (applicant identifier), \texttt{SK\_ID\_PREV} (previous application identifier), and \texttt{SK\_ID\_BUREAU} (bureau record identifier).",included,,no,no,Physical Data Model,,no
,,,,discussion/RF - top 20 most imp features.png,,,intentionally_excluded,,no,no,,,no
,,,,discussion/ReflectionSummaryTable.png,,,intentionally_excluded,,no,no,,,no
,,,,discussion/TradeoffSummary.jpeg,,,intentionally_excluded,,no,no,,,no
5.7,chap5/predictive_modeling.tex,fig:combined_confusion_matrices,Combined Dataset Results,discussion/confusionmatrices - combined no pca.png,Combined Confusion Matrices,"Confusion matrices for all four models on the combined dataset without PCA. The accuracy--recall trade-off is clearly visible: XGBoost achieves 86\% accuracy but only 38\% recall, while Logistic Regression achieves 69\% accuracy with 69\% recall.",included,,no,no,Combined Dataset Results,,no
,,,,discussion/dbs says credit score depends on financial behaviour history.png,,,intentionally_excluded,,no,no,,,no
,,,,discussion/ext_sources_dist.png,,,intentionally_excluded,,no,no,,,no
3.26,chap3/data_collection.tex,fig:correlation_heatmap,Correlation Analysis,discussion/feature correlation with target.png,Feature correlation heatmap highlighting the relationships between key predictors and,"Feature correlation heatmap highlighting the relationships between key predictors and the target variable. Multicollinearity among financial features (credit amount, goods price, annuity) is visible.",included,,no,no,Correlation Analysis,,no
,,,,discussion/ks + calibration + lift plots.png,,,duplicate_delete,"pptx/KS score metrics - KS plot, calibration curve, lift chart by risk decile.png",no,no,Appendix D / Modelling Supplementary Figures,fig:ks_cal_lift,yes
3.24,chap3/data_collection.tex,fig:ext_source_missing,Interpretation of External Scores,discussion/missing values for ext sources.png,Missing value patterns for external source variables,Missing value patterns for external source variables. The differential missingness rates support the interpretation of each score as originating from distinct data providers with varying coverage.,included,,no,no,Interpretation of External Scores,,no
D.1,appD/appendix_d_main.tex,fig:ks_analysis_appendix,Modelling Supplementary Figures,discussion/our KS plot analysis.png,Detailed KS Plot,"Detailed KS plot analysis showing the cumulative distribution functions for defaulters and non-defaulters, with the maximum KS separation point annotated.",included,,no,no,Modelling Supplementary Figures,,no
,,,,discussion/we used AdverserialDebiasing.png,,,intentionally_excluded,,no,no,,,no
,,,,fict_red_logo.jpeg,,,non_dissertation_asset,,no,no,,,no
,,,,fict_red_logo.png,,,non_dissertation_asset,,no,no,,,no
,,,,notebook/final_traditional_detailed_group_wise_selection__17.png,,,intentionally_excluded,,no,no,,,no
,,,,notebook/final_traditional_pca_detailed_group_wise_selection__19.png,,,intentionally_excluded,,no,no,,,no
,,,,notebook/final_traditional_pca_plot_10.png,,,intentionally_excluded,,no,no,,,no
,,,,notebook/final_traditional_pca_plot_11.png,,,intentionally_excluded,,no,no,,,no
,,,,notebook/final_traditional_pca_plot_12.png,,,intentionally_excluded,,no,no,,,no
,,,,notebook/final_traditional_pca_plot_13.png,,,intentionally_excluded,,no,no,,,no
,,,,notebook/final_traditional_pca_plot_14.png,,,intentionally_excluded,,no,no,,,no
,,,,notebook/final_traditional_pca_plot_15.png,,,intentionally_excluded,,no,no,,,no
,,,,notebook/final_traditional_pca_plot_16.png,,,intentionally_excluded,,no,no,,,no
,,,,notebook/final_traditional_pca_plot_17.png,,,intentionally_excluded,,no,no,,,no
,,,,notebook/final_traditional_pca_plot_4.png,,,intentionally_excluded,,no,no,,,no
,,,,notebook/final_traditional_pca_plot_5.png,,,intentionally_excluded,,no,no,,,no
,,,,notebook/final_traditional_pca_plot_6.png,,,intentionally_excluded,,no,no,,,no
,,,,notebook/final_traditional_pca_plot_8.png,,,intentionally_excluded,,no,no,,,no
,,,,notebook/final_traditional_pca_plot_9.png,,,intentionally_excluded,,no,no,,,no
4.5,chap4/feature_engineering.tex,fig:pca_scree_detailed,Dimensionality Reduction: PCA Analysis,notebook/final_traditional_pca_scree_plot_explained_variance_1.png,PCA Scree Plot,Detailed scree plot from the traditional PCA pipeline showing individual and cumulative variance explained by each principal component.,included,,yes,no,Dimensionality Reduction: PCA Analysis,,no
,,,,notebook/final_traditional_pca_visualize_confusion_matrix_and_3.png,,,intentionally_excluded,,no,no,,,no
,,,,notebook/final_traditional_pca_visualize_confusion_matrix_and_7.png,,,intentionally_excluded,,no,no,,,no
,,,,notebook/final_traditional_pca_visualize_fairness_metrics_acr_18.png,,,intentionally_excluded,,no,no,,,no
,,,,notebook/final_traditional_pca_visualize_top_features_2.png,,,intentionally_excluded,,no,no,,,no
7.6,chap7/fairness_explainability.tex,fig:shap_xgb_detailed,XGBoost,notebook/final_traditional_shap_summary_plot_bar_shows_fe_10.png,Detailed SHAP importance bar plot for XGBoost on the traditional,Detailed SHAP importance bar plot for XGBoost on the traditional dataset. The sharper drop-off after the top-ranked features reflects the more concentrated gradient-boosting structure.,included,,no,no,XGBoost,,no
7.8,chap7/fairness_explainability.tex,fig:shap_lgbm_detailed,LightGBM,notebook/final_traditional_shap_summary_plot_bar_shows_fe_14.png,Detailed SHAP importance bar plot for LightGBM on the traditional,Detailed SHAP importance bar plot for LightGBM on the traditional dataset. The diversified importance profile is consistent with the champion model's broader use of behavioural and contextual features.,included,,no,no,LightGBM,,no
7.2,chap7/fairness_explainability.tex,fig:shap_lr_detailed,Logistic Regression,notebook/final_traditional_shap_summary_plot_bar_shows_fe_3.png,Detailed SHAP importance bar plot for Logistic Regression on the,"Detailed SHAP importance bar plot for Logistic Regression on the traditional dataset. The dominant features align with the paired traditional-versus-combined comparison above, so the repeated beeswarm panel is omitted here for concision.",included,,no,no,Logistic Regression,,no
7.4,chap7/fairness_explainability.tex,fig:shap_rf_detailed,Random Forest,notebook/final_traditional_shap_summary_plot_bar_shows_fe_6.png,Detailed SHAP importance bar plot for Random Forest on the,"Detailed SHAP importance bar plot for Random Forest on the traditional dataset. EXT\_SOURCE variables remain dominant, with the importance tail flatter than the boosting models due to bagging.",included,,no,no,Random Forest,,no
,,,,notebook/final_traditional_shap_summary_plot_beeswarm_sho_11.png,,,intentionally_excluded,,no,no,,,no
,,,,notebook/final_traditional_shap_summary_plot_beeswarm_sho_15.png,,,intentionally_excluded,,no,no,,,no
,,,,notebook/final_traditional_shap_summary_plot_beeswarm_sho_4.png,,,intentionally_excluded,,no,no,,,no
,,,,notebook/final_traditional_shap_summary_plot_beeswarm_sho_7.png,,,intentionally_excluded,,no,no,,,no
5.1,chap5/predictive_modeling.tex,fig:traditional_lr_cm,Traditional Dataset Results,notebook/final_traditional_visualize_confusion_matrix_2.png,Traditional LR Confusion Matrix,Confusion matrix for the Logistic Regression baseline on the traditional dataset. The balanced class weighting produces approximately equal true positive and true negative rates at the cost of overall accuracy.,included,,no,no,Traditional Dataset Results,,no
,,,,notebook/final_traditional_visualize_confusion_matrix_and_13.png,,,intentionally_excluded,,no,no,,,no
5.2,chap5/predictive_modeling.tex,fig:traditional_tree_cm,Traditional Dataset Results,notebook/final_traditional_visualize_confusion_matrix_and_9.png,Confusion matrices for Random Forest and XGBoost on the traditional,Confusion matrices for Random Forest and XGBoost on the traditional dataset. Tree-based models show higher accuracy but lower recall compared to balanced Logistic Regression.,included,,no,no,Traditional Dataset Results,,no
7.10,chap7/fairness_explainability.tex,fig:fairness_traditional,Gender Fairness Analysis,notebook/final_traditional_visualize_fairness_metrics_acr_16.png,"Detailed fairness metrics for the traditional dataset across all models,","Detailed fairness metrics for the traditional dataset across all models, showing selection rates, true positive rates, and false positive rates by gender group.",included,,no,no,Gender Fairness Analysis,,no
5.6,chap5/predictive_modeling.tex,fig:traditional_top_features_lgbm,Traditional Dataset Results,notebook/final_traditional_visualize_top_20_features_12.png,Top 20 features for LightGBM on the traditional dataset,"Top 20 features for LightGBM on the traditional dataset. The leaf-wise growth strategy produces a slightly different feature ranking, with temporal and contextual features gaining relative importance.",included,,no,no,Traditional Dataset Results,,no
5.4,chap5/predictive_modeling.tex,fig:traditional_top_features_rf,Traditional Dataset Results,notebook/final_traditional_visualize_top_20_features_5.png,"Top 20 features for Random Forest on the traditional dataset,","Top 20 features for Random Forest on the traditional dataset, ranked by impurity-based importance.",included,,no,no,Traditional Dataset Results,,no
5.5,chap5/predictive_modeling.tex,fig:traditional_top_features_xgb,Traditional Dataset Results,notebook/final_traditional_visualize_top_20_features_8.png,Top 20 features for XGBoost on the traditional dataset,Top 20 features for XGBoost on the traditional dataset. XGBoost's feature importance ranking shows strong agreement with Random Forest on the top features.,included,,no,no,Traditional Dataset Results,,no
5.3,chap5/predictive_modeling.tex,fig:traditional_top_features_lr,Traditional Dataset Results,notebook/final_traditional_visualize_top_features_1.png,Top features for Logistic Regression on the traditional dataset,"Top features for Logistic Regression on the traditional dataset. EXT\_SOURCE variables dominate, followed by age-related and financial ratio features.",included,,no,no,Traditional Dataset Results,,no
3.21,chap3/data_collection.tex,fig:bivariate_1,Bivariate Analysis,notebook/home_credit_eda_10_bivariate_analysis_scatter__18.png,Scatter plots of key financial variable pairs coloured by target,Scatter plots of key financial variable pairs coloured by target. The substantial overlap between classes confirms that default risk is not separable in any single two-dimensional projection.,included,,no,no,Bivariate Analysis,,no
,,,,notebook/home_credit_eda_10_bivariate_analysis_scatter__19.png,,,intentionally_excluded,,no,no,Excluded from bivariate section,,yes
,,,,notebook/home_credit_eda_10_bivariate_analysis_scatter__20.png,,,intentionally_excluded,,no,no,,,no
,,,,notebook/home_credit_eda_13_pos_cash_balance_analysis_28.png,,,duplicate_delete,notebook/home_credit_eda_13_pos_cash_balance_analysis_29.png,no,no,Chapter 3 / POS Cash Balance,fig:pos_cash_detailed,yes
3.31,chap3/data_collection.tex,fig:pos_cash_detailed,POS Cash Balance,notebook/home_credit_eda_13_pos_cash_balance_analysis_29.png,Remaining Installments Over Time,Detailed POS Cash Balance analysis showing average remaining instalments over time. The curve peaks mid-lifecycle and then declines as accounts mature toward closure.,included,,yes,no,POS Cash Balance,,no
,,,,notebook/home_credit_eda_14_credit_card_balance_analysi_30.png,,,duplicate_delete,notebook/home_credit_eda_14_credit_card_balance_analysi_31.png,no,no,Chapter 3 / Credit Card Balance,fig:credit_card_detailed,yes
3.32,chap3/data_collection.tex,fig:credit_card_detailed,Credit Card Balance,notebook/home_credit_eda_14_credit_card_balance_analysi_31.png,Credit Card Balance Over Time,Detailed credit card balance analysis showing average card balance over time. The balance trough around month -40 and the sharp rise toward the most recent months suggest changing utilisation behaviour as accounts mature.,included,,yes,no,Credit Card Balance,,no
,,,,notebook/home_credit_eda_15_installments_payments_analy_32.png,,,duplicate_delete,notebook/home_credit_eda_15_installments_payments_analy_33.png,no,no,Chapter 3 / Installments Payments,fig:installments_detailed,yes
3.33,chap3/data_collection.tex,fig:installments_detailed,Installments Payments,notebook/home_credit_eda_15_installments_payments_analy_33.png,Payment Delay by Version,"Detailed instalment payment analysis showing average payment delay by instalment version. Borrowers tend to pay several days early on average, although the early-payment advantage narrows slightly across later instalment versions.",included,,yes,no,Installments Payments,,no
3.39,chap3/data_collection.tex,fig:skewness,Feature Distribution and Skewness,notebook/home_credit_eda_16_feature_distribution_skewne_34.png,Feature distribution and skewness analysis,"Feature distribution and skewness analysis. Many financial features exhibit high positive skewness, necessitating log transformation or winsorisation for linear model compatibility.",included,,no,no,Feature Distribution and Skewness,,no
,,,,notebook/home_credit_eda_17_bureau_balance_analysis_35.png,,,duplicate_delete,notebook/home_credit_eda_17_bureau_balance_analysis_36.png,no,no,Chapter 3 / Bureau Data Analysis,fig:bureau_balance_1,yes
3.29,chap3/data_collection.tex,fig:bureau_balance_1,Bureau Data Analysis (External),notebook/home_credit_eda_17_bureau_balance_analysis_36.png,Bureau Status Over Time,"Bureau balance monthly status analysis. The temporal composition of bureau balance statuses shows that on-time and closed states dominate throughout the observation window, while delinquent states remain a small minority.",included,,yes,no,Bureau Data Analysis (External),,no
3.35,chap3/data_collection.tex,fig:flag_documents,Flag Document Analysis,notebook/home_credit_eda_18_flag_document_analysis_37.png,Flag document analysis showing the distribution of document provision flags,Flag document analysis showing the distribution of document provision flags and their association with default risk. Applicants who provide fewer documents tend to have slightly elevated default rates.,included,,no,no,Flag Document Analysis,,no
3.36,chap3/data_collection.tex,fig:temporal_features,Temporal Features,notebook/home_credit_eda_19_other_temporal_features_day_38.png,"Temporal feature analysis including DAYS\_REGISTRATION, DAYS\_ID\_PUBLISH, and related variables","Temporal feature analysis including \texttt{DAYS\_REGISTRATION}, \texttt{DAYS\_ID\_PUBLISH}, and related variables. These features capture the recency of identity document issuance and registration events.",included,,no,no,Temporal Features,,no
3.37,chap3/data_collection.tex,fig:bureau_inquiry,Credit Bureau Inquiry Features,notebook/home_credit_eda_20_credit_bureau_inquiry_featu_39.png,Credit bureau inquiry features showing the distribution of recent inquiries,Credit bureau inquiry features showing the distribution of recent inquiries across applicants. A higher number of recent bureau inquiries is weakly associated with elevated default risk.,included,,no,no,Credit Bureau Inquiry Features,,no
3.38,chap3/data_collection.tex,fig:binary_flags,Binary Flag Features,notebook/home_credit_eda_21_binary_flag_features_owners_40.png,"Binary flag feature analysis including car ownership, property ownership, and","Binary flag feature analysis including car ownership, property ownership, and various contact availability flags. Property and car ownership show weak but consistent negative associations with default.",included,,no,no,Binary Flag Features,,no
3.18,chap3/data_collection.tex,fig:binned_financial_1,Financial Variables,notebook/home_credit_eda_22_default_rate_by_binned_fina_41.png,"Default rates by binned financial features, revealing non-linear risk patterns","Default rates by binned financial features, revealing non-linear risk patterns. Lower income and higher credit amounts relative to income show elevated default risk.",included,,no,no,Financial Variables,,no
3.19,chap3/data_collection.tex,fig:binned_financial_2,Financial Variables,notebook/home_credit_eda_22_default_rate_by_binned_fina_42.png,Continuation of binned financial feature analysis,Continuation of binned financial feature analysis. Credit-to-income and annuity-to-income ratios show clearer risk gradients than raw amounts.,included,,no,no,Financial Variables,,no
,,,,notebook/home_credit_eda_3_target_variable_analysis_1.png,,,intentionally_excluded,,no,no,,,no
3.5,chap3/data_collection.tex,fig:missing_values_eda,Missing Value Analysis,notebook/home_credit_eda_4_missing_values_analysis_2.png,"Detailed missing values analysis from the EDA notebook, showing the","Detailed missing values analysis from the EDA notebook, showing the distribution and pattern of missingness across all features.",included,,no,no,Missing Value Analysis,,no
,,,,notebook/home_credit_eda_6_univariate_analysis_numerica_11.png,,,intentionally_excluded,,no,no,,,no
,,,,notebook/home_credit_eda_7_external_source_features_mos_14.png,,,duplicate_delete,pptx/key feature distributions - external source distributions by target.png,no,no,Chapter 3 / External Risk Score Analysis,fig:ext_source_dist,yes
3.7,chap3/data_collection.tex,fig:outlier_boxplots,Outlier Treatment,notebook/home_credit_eda_8_outlier_detection_with_box_p_15.png,Boxplots of key financial features showing outlier profiles,Boxplots of key financial features showing outlier profiles. Income and credit amount variables exhibit heavy right tails.,included,,no,no,Outlier Treatment,,no
3.25,chap3/data_collection.tex,fig:correlation_analysis,Correlation Analysis,notebook/home_credit_eda_9_correlation_analysis_16.png,Top features correlated with the target variable,"Top features correlated with the target variable. External source scores dominate the positive and negative correlation rankings, while traditional financial variables exhibit weak individual correlations.",included,,no,no,Correlation Analysis,,no
3.20,chap3/data_collection.tex,fig:age_distribution,Age Analysis,notebook/home_credit_eda_age_distribution_days_birth_ye_12.png,Age and Default Risk,Detailed age distribution analysis. The \texttt{DAYS\_BIRTH} variable (converted to years) shows a clear inverse relationship between age and default probability.,included,,yes,no,Age Analysis,,no
3.28,chap3/data_collection.tex,fig:bureau_detailed_1,Bureau Data Analysis (External),notebook/home_credit_eda_bureau_credit_active_status_di_21.png,Bureau Credit Status,Detailed bureau credit status distribution from the EDA notebook. The breakdown by credit status reveals the predominance of closed and active credits.,included,,yes,no,Bureau Data Analysis (External),,no
,,,,notebook/home_credit_eda_bureau_credit_active_status_di_22.png,,,intentionally_excluded,,no,no,,,no
,,,,notebook/home_credit_eda_bureau_credit_active_status_di_23.png,,,intentionally_excluded,,no,no,Excluded from main narrative,,yes
,,,,notebook/home_credit_eda_bureau_credit_active_status_di_24.png,,,intentionally_excluded,,no,no,,,no
3.9,chap3/data_collection.tex,fig:contract_gender_1,Contract Type and Gender,notebook/home_credit_eda_contract_type_gender_3.png,Distribution of contract types and gender,Distribution of contract types and gender. Cash loans constitute 90.5\% of applications and carry a higher default rate than revolving loans.,included,,no,no,Contract Type and Gender,,no
3.10,chap3/data_collection.tex,fig:contract_gender_2,Contract Type and Gender,notebook/home_credit_eda_contract_type_gender_4.png,Gender Default Rates,Default rates by contract type and gender. Male applicants exhibit a higher default rate (10.1\%) compared to female applicants (7.0\%).,included,,yes,no,Contract Type and Gender,,no
3.6,chap3/data_collection.tex,fig:days_employed_anomaly,DAYS\_EMPLOYED Anomaly,notebook/home_credit_eda_days_employed_analysis_detect__13.png,Employment duration distribution before and after anomaly treatment,"Employment duration distribution before and after anomaly treatment. The spike at 365,243 days (approximately 18\% of records) is clearly visible in the pre-treatment distribution.",included,,no,no,DAYS\_EMPLOYED Anomaly,,no
,,,,notebook/home_credit_eda_define_a_set_of_relevant_featu_17.png,,,intentionally_excluded,,no,no,Excluded from correlation section,,yes
3.11,chap3/data_collection.tex,fig:income_education_1,Education and Income Type,notebook/home_credit_eda_income_type_education_family_s_5.png,Income type distribution and associated default rates,Income type distribution and associated default rates. Working-class and commercial associate applicants form the largest segments.,included,,no,no,Education and Income Type,,no
3.12,chap3/data_collection.tex,fig:income_education_2,Education and Income Type,notebook/home_credit_eda_income_type_education_family_s_6.png,Education level distribution and default rates,"Education level distribution and default rates. Lower education levels correspond to higher default probabilities, with ``Lower secondary'' education showing the highest default rate.",included,,no,no,Education and Income Type,,no
3.13,chap3/data_collection.tex,fig:family_status,Family Status and Housing,notebook/home_credit_eda_income_type_education_family_s_7.png,Family status distribution and associated default rates,Family status distribution and associated default rates. Single and civil marriage applicants show higher default rates compared to married applicants.,included,,no,no,Family Status and Housing,,no
3.14,chap3/data_collection.tex,fig:housing_type,Family Status and Housing,notebook/home_credit_eda_income_type_education_family_s_8.png,Housing type distribution,"Housing type distribution. The majority of applicants own a house or apartment, with ``With parents'' and ``Renting'' categories showing elevated default risk.",included,,no,no,Family Status and Housing,,no
3.16,chap3/data_collection.tex,fig:organisation_type,Occupation and Organisation Type,notebook/home_credit_eda_occupation_type_organization_t_10.png,Organisation type analysis showing default rates across employer categories,"Organisation type analysis showing default rates across employer categories. Transport, construction, and industry-type employers exhibit the highest default rates.",included,,no,no,Occupation and Organisation Type,,no
3.15,chap3/data_collection.tex,fig:occupation_type,Occupation and Organisation Type,notebook/home_credit_eda_occupation_type_organization_t_9.png,Occupation type distribution,"Occupation type distribution. Labourers form the largest segment, while certain low-frequency occupations (drivers, security staff) show elevated default rates.",included,,no,no,Occupation and Organisation Type,,no
,,,,notebook/home_credit_eda_previous_application_contract__25.png,,,duplicate_delete,venky/shap_summary_plot_risk_drivers.png,no,no,Chapter 3 / Previous Application Analysis,fig:prev_app_contract_mix,yes
,,,,notebook/home_credit_eda_previous_application_contract__26.png,,,duplicate_delete,venky/shap_summary_plot_risk_drivers.png,no,no,Chapter 3 / Previous Application Analysis,fig:prev_app_contract_mix,yes
,,,,notebook/home_credit_eda_previous_application_contract__27.png,,,intentionally_excluded,,no,no,,,no
5.8,chap5/predictive_modeling.tex,fig:model_comparison_eval,Model Comparison Summary,notebook/home_credit_modeling_combined_12_model_comparison_evaluation_13.png,Model Comparison Curves,Model comparison evaluation showing ROC curves and performance metrics across all model families on the combined dataset.,included,,no,no,Model Comparison Summary,,no
6.6,chap6/credit_scoring.tex,fig:expected_loss,Expected Loss Framework,notebook/home_credit_modeling_combined_16_expected_loss_estimation_el_30.png,Expected Loss by Decile,"Expected loss estimation across risk deciles. The top decile accounts for a disproportionate share of total portfolio expected loss, validating the model's risk concentration ability.",included,,no,no,Expected Loss Framework,,no
6.7,chap6/credit_scoring.tex,fig:profit_curve,Cost-Sensitive Threshold Optimisation,notebook/home_credit_modeling_combined_17_profit_curve_cost_sensitive_31.png,Profit Curve,"Profit curve showing total portfolio profit as a function of the classification threshold. The optimal threshold (maximising profit) is substantially lower than the default 0.5, reflecting the asymmetric cost of missed defaults versus false rejections.",included,,no,no,Cost-Sensitive Threshold Optimisation,,no
,,,,notebook/home_credit_modeling_combined_1976d2_label_non_default_densi_11.png,,,intentionally_excluded,,no,no,,,no
,,,,notebook/home_credit_modeling_combined_4_correlation_analysis_1.png,,,intentionally_excluded,,no,no,,,no
,,,,notebook/home_credit_modeling_combined__10.png,,,intentionally_excluded,,no,no,,,no
,,,,notebook/home_credit_modeling_combined__12.png,,,intentionally_excluded,,no,no,,,no
,,,,notebook/home_credit_modeling_combined__14.png,,,intentionally_excluded,,no,no,,,no
,,,,notebook/home_credit_modeling_combined__18.png,,,intentionally_excluded,,no,no,,,no
,,,,notebook/home_credit_modeling_combined__19.png,,,intentionally_excluded,,no,no,,,no
,,,,notebook/home_credit_modeling_combined__20.png,,,intentionally_excluded,,no,no,,,no
,,,,notebook/home_credit_modeling_combined__21.png,,,intentionally_excluded,,no,no,,,no
,,,,notebook/home_credit_modeling_combined__22.png,,,intentionally_excluded,,no,no,,,no
,,,,notebook/home_credit_modeling_combined__23.png,,,intentionally_excluded,,no,no,,,no
,,,,notebook/home_credit_modeling_combined__24.png,,,intentionally_excluded,,no,no,,,no
,,,,notebook/home_credit_modeling_combined__25.png,,,intentionally_excluded,,no,no,,,no
,,,,notebook/home_credit_modeling_combined__26.png,,,intentionally_excluded,,no,no,,,no
,,,,notebook/home_credit_modeling_combined__27.png,,,intentionally_excluded,,no,no,,,no
,,,,notebook/home_credit_modeling_combined__29.png,,,intentionally_excluded,,no,no,,,no
,,,,notebook/home_credit_modeling_combined__4.png,,,intentionally_excluded,,no,no,,,no
,,,,notebook/home_credit_modeling_combined__5.png,,,intentionally_excluded,,no,no,,,no
,,,,notebook/home_credit_modeling_combined__6.png,,,intentionally_excluded,,no,no,,,no
,,,,notebook/home_credit_modeling_combined__7.png,,,intentionally_excluded,,no,no,,,no
,,,,notebook/home_credit_modeling_combined__8.png,,,intentionally_excluded,,no,no,,,no
,,,,notebook/home_credit_modeling_combined_bdbdbd_weak_64b5f6_medium_4caf_9.png,,,intentionally_excluded,,no,no,,,no
,,,,notebook/home_credit_modeling_combined_changed_from_30_to_20_for_a_le_2.png,,,intentionally_excluded,,no,no,,,no
,,,,notebook/home_credit_modeling_combined_e53935_4caf50_1976d2_17.png,,,intentionally_excluded,,no,no,,,no
,,,,notebook/home_credit_modeling_combined_ks_plot_15.png,,,intentionally_excluded,,no,no,,,no
7.12,chap7/fairness_explainability.tex,fig:psi,Population Stability Index (PSI),notebook/home_credit_modeling_combined_psi_distribution_visualization_28.png,PSI Distribution,PSI distribution visualisation comparing score distributions between training and validation populations. The PSI value confirms acceptable population stability.,included,,no,no,Population Stability Index (PSI),,no
,,,,notebook/home_credit_modeling_combined_summary_table_16.png,,,intentionally_excluded,,no,no,,,no
,,,,notebook/home_credit_modeling_combined_using_the_same_top_features_cu_3.png,,,intentionally_excluded,,no,no,,,no
,,,,notebook/pca__1.png,,,intentionally_excluded,,no,no,,,no
,,,,notebook/pca_plot_b_cumulative_explained_va_2.png,,,intentionally_excluded,,no,no,,,no
4.7,chap4/feature_engineering.tex,fig:pca_loadings,PCA Impact on Model Performance,notebook/pca_plot_c_pca_loadings_rotation_p_3.png,Rotated PCA Loadings,"PCA loadings after varimax rotation, showing how original features map to rotated components. The rotation improves interpretability by aligning components with recognisable feature groups.",included,,no,no,PCA Impact on Model Performance,,no
,,,,pg1.png,,,non_dissertation_asset,,no,no,,,no
,,,,pg2.png,,,non_dissertation_asset,,no,no,,,no
,,,,pg3.png,,,non_dissertation_asset,,no,no,,,no
,,,,pg4.png,,,non_dissertation_asset,,no,no,,,no
6.3,chap6/credit_scoring.tex,fig:abc_signals,Score Design Rationale,pptx/ABC framework - avg credit card balance over days past due.png,Behavioural signals used in B-Score and C-Score construction,"Behavioural signals used in B-Score and C-Score construction. Left: Average credit card balance increases with days past due. Right: Average remaining instalment count is higher for delinquent accounts, suggesting that longer-term loans are more vulnerable.",included,,no,no,Score Design Rationale,,no
6.3,chap6/credit_scoring.tex,fig:abc_signals,Score Design Rationale,pptx/ABC framework - avg remaining installments over days past due.png,Behavioural signals used in B-Score and C-Score construction,"Behavioural signals used in B-Score and C-Score construction. Left: Average credit card balance increases with days past due. Right: Average remaining instalment count is higher for delinquent accounts, suggesting that longer-term loans are more vulnerable.",included,,no,no,Score Design Rationale,,no
6.5,chap6/credit_scoring.tex,fig:ks_cal_lift,Lift Chart,"pptx/KS score metrics - KS plot, calibration curve, lift chart by risk decile.png",KS Calibration Lift,"Model validation diagnostics: KS plot (left), calibration curve (centre), and lift chart by risk decile (right). The KS of 0.428 and 3.74$\times$ top-decile lift confirm strong discriminatory power.",included,,no,no,Lift Chart,,no
,,,,pptx/PCA analysis.png,,,duplicate_delete,notebook/final_traditional_pca_scree_plot_explained_variance_1.png,no,no,Chapter 4 / PCA Analysis,fig:pca_scree_detailed,yes
7.7,chap7/fairness_explainability.tex,fig:shap_lgbm,LightGBM,pptx/SHAP explainability - LightGBM - combined.png,SHAP feature importance for LightGBM: Traditional (left) vs Combined (right),"SHAP feature importance for LightGBM: Traditional (left) vs Combined (right). The combined model leverages aggregated data from previous applications and instalment payment history, producing the most diversified feature importance profile.",included,,no,no,LightGBM,,no
7.7,chap7/fairness_explainability.tex,fig:shap_lgbm,LightGBM,pptx/SHAP explainability - LightGBM - traditional.png,SHAP feature importance for LightGBM: Traditional (left) vs Combined (right),"SHAP feature importance for LightGBM: Traditional (left) vs Combined (right). The combined model leverages aggregated data from previous applications and instalment payment history, producing the most diversified feature importance profile.",included,,no,no,LightGBM,,no
7.1,chap7/fairness_explainability.tex,fig:shap_lr,Logistic Regression,pptx/SHAP explainability - logistic regression - combined.png,SHAP feature importance for Logistic Regression: Traditional dataset (left) vs,"SHAP feature importance for Logistic Regression: Traditional dataset (left) vs Combined dataset (right). The traditional model relies heavily on employment duration and income type, while the combined model shifts toward external source scores.",included,,no,no,Logistic Regression,,no
7.1,chap7/fairness_explainability.tex,fig:shap_lr,Logistic Regression,pptx/SHAP explainability - logistic regression - traditional.png,SHAP feature importance for Logistic Regression: Traditional dataset (left) vs,"SHAP feature importance for Logistic Regression: Traditional dataset (left) vs Combined dataset (right). The traditional model relies heavily on employment duration and income type, while the combined model shifts toward external source scores.",included,,no,no,Logistic Regression,,no
7.3,chap7/fairness_explainability.tex,fig:shap_rf,Random Forest,pptx/SHAP explainability - random forest - combined.png,SHAP feature importance for Random Forest: Traditional (left) vs Combined,"SHAP feature importance for Random Forest: Traditional (left) vs Combined (right). External scores dominate in both datasets, with other features contributing substantially less.",included,,no,no,Random Forest,,no
7.3,chap7/fairness_explainability.tex,fig:shap_rf,Random Forest,pptx/SHAP explainability - random forest - traditional.png,SHAP feature importance for Random Forest: Traditional (left) vs Combined,"SHAP feature importance for Random Forest: Traditional (left) vs Combined (right). External scores dominate in both datasets, with other features contributing substantially less.",included,,no,no,Random Forest,,no
7.5,chap7/fairness_explainability.tex,fig:shap_xgb,XGBoost,pptx/SHAP explainability - xgboost - combined.png,SHAP feature importance for XGBoost: Traditional (left) vs Combined (right),"SHAP feature importance for XGBoost: Traditional (left) vs Combined (right). The combined model incorporates a wider variety of engineered features, spreading predictive influence across more diverse financial behaviours.",included,,no,no,XGBoost,,no
7.5,chap7/fairness_explainability.tex,fig:shap_xgb,XGBoost,pptx/SHAP explainability - xgboost - traditional.png,SHAP feature importance for XGBoost: Traditional (left) vs Combined (right),"SHAP feature importance for XGBoost: Traditional (left) vs Combined (right). The combined model incorporates a wider variety of engineered features, spreading predictive influence across more diverse financial behaviours.",included,,no,no,XGBoost,,no
4.4,chap4/feature_engineering.tex,fig:correlation_matrix,Correlation-Based Removal,pptx/correlation matrix.png,Correlation matrix of key features showing multicollinearity patterns,Correlation matrix of key features showing multicollinearity patterns. Notable pairs include AMT\_CREDIT/AMT\_GOODS\_PRICE ($r = 0.987$) and AMT\_CREDIT/AMT\_ANNUITY ($r = 0.770$).,included,,no,no,Correlation-Based Removal,,no
6.2,chap6/credit_scoring.tex,fig:default_by_band,Score Band Performance,pptx/customer risk scoring validatoin results - default rate by score band.png,Default Rate by Band,Default rate by score band on the validation set. A clear monotonic decrease in default rate as scores increase validates the scorecard's risk-ranking ability.,included,,no,no,Score Band Performance,,no
6.1,chap6/credit_scoring.tex,fig:score_dist,Score Distribution and Validation,pptx/customer risk scoring validatoin results - score distribution by default status.png,Score Distribution,"Score distribution by default status on the validation set. Defaulters (red) are concentrated in lower score ranges while non-defaulters (blue) cluster in higher ranges, confirming genuine predictive separation.",included,,no,no,Score Distribution and Validation,,no
3.2,chap3/data_collection.tex,fig:data_dict,Data Dictionary,pptx/data dictionary.png,"Data Dictionary showing the key variables across the application table,","Data Dictionary showing the key variables across the application table, including demographic, financial, and external score features.",included,,no,no,Data Dictionary,,no
3.3,chap3/data_collection.tex,fig:data_quality_1,Missing Value Analysis,pptx/data quality analysis - table1.png,Data Quality Analysis Missing Value Summary across the application table,Data Quality Analysis -- Missing Value Summary across the application table. Features are ranked by missingness percentage.,included,,no,no,Missing Value Analysis,,no
3.4,chap3/data_collection.tex,fig:data_quality_2,Missing Value Analysis,pptx/data quality analysis - table2.png,Data Quality Analysis Continuation of missing value summary showing features,Data Quality Analysis -- Continuation of missing value summary showing features with moderate to low missingness.,included,,no,no,Missing Value Analysis,,no
,,,,"pptx/external data analysis - bureau balance, delinquent vs non delinquent records.png",,,duplicate_delete,notebook/home_credit_eda_17_bureau_balance_analysis_36.png,no,no,Chapter 3 / Bureau Data Analysis,fig:bureau_balance_1,yes
,,,,"pptx/external data analysis - distribution of credit active, top 10 credit types.png",,,duplicate_delete,notebook/home_credit_eda_bureau_credit_active_status_di_21.png,no,no,Chapter 3 / Bureau Data Analysis,fig:bureau_detailed_1,yes
3.27,chap3/data_collection.tex,fig:bureau_credits_per_applicant,Bureau Data Analysis (External),pptx/external data analysis - number of bureau credits per applicant.png,Distribution of number of bureau credits per applicant,"Distribution of number of bureau credits per applicant. The mean is approximately 8 credits per applicant, with a heavy right tail extending to 300+.",included,,no,no,Bureau Data Analysis (External),,no
,,,,"pptx/external data analysis - prev applicant contract status, top 10 goods.png",,,duplicate_delete,venky/shap_summary_plot_risk_drivers.png,no,no,Chapter 3 / Previous Application Analysis,fig:prev_app_contract_mix,yes
7.9,chap7/fairness_explainability.tex,fig:fairness_gender,Gender Fairness Analysis,pptx/fairness evaluation by gender.png,Fairness by Gender,"Fairness evaluation by gender across all four model families. Demographic parity disparity varies by model, while equalized odds disparity is uniform---indicating that bias originates from the data, not the algorithm.",included,,no,no,Gender Fairness Analysis,,no
7.11,chap7/fairness_explainability.tex,fig:gender_bias,Gender Bias Analysis: The XNA Group,pptx/gender bias analysis.png,Gender Bias by Group,"Selection rates by gender across all models. The XNA group (non-disclosed gender) reveals a critical failure mode for Logistic Regression, which predicts exactly 0 for this group.",included,,no,no,Gender Bias Analysis: The XNA Group,,no
,,,,pptx/how ai can help in credit scoring - AI in loan underwriting.png,,,intentionally_excluded,,no,no,,,no
,,,,pptx/how ai can help in credit scoring - how does AI work in loan underwriting.png,,,intentionally_excluded,,no,no,,,no
,,,,"pptx/internal behavioural data - POS cash contract status distrbution, dpd distribution.png",,,duplicate_delete,notebook/home_credit_eda_13_pos_cash_balance_analysis_29.png,no,no,Chapter 3 / POS Cash Balance,fig:pos_cash_detailed,yes
,,,,pptx/internal behavioural data - average payment delay by installment version.png,,,duplicate_delete,notebook/home_credit_eda_15_installments_payments_analy_33.png,no,no,Chapter 3 / Installments Payments,fig:installments_detailed,yes
,,,,"pptx/internal behavioural data - credit card contact sales, credit card utilisation ratio.png",,,duplicate_delete,notebook/home_credit_eda_14_credit_card_balance_analysi_31.png,no,no,Chapter 3 / Credit Card Balance,fig:credit_card_detailed,yes
,,,,"pptx/internal behavioural data - paymet delay distribution, payment difference.png",,,duplicate_delete,notebook/home_credit_eda_15_installments_payments_analy_33.png,no,no,Chapter 3 / Installments Payments,fig:installments_detailed,yes
3.17,chap3/data_collection.tex,fig:financial_dist,Financial Variables,"pptx/key feature distributions - AMT_INCOME_TOTAL, AMT_CREDIT, AMT_ANNUITY, AMT_GOODS_PRICE bdistribution by target.png",Financial Distributions,"Distribution of key financial features by default status. Defaulters (orange) show slightly lower medians with wider outlier ranges, but substantial overlap between classes limits individual discriminatory power.",included,,yes,no,Financial Variables,,no
,,,,"pptx/key feature distributions - app distribution by target, default rate by age group.png",,,duplicate_delete,notebook/home_credit_eda_age_distribution_days_birth_ye_12.png,no,no,Chapter 3 / Age Analysis,fig:age_distribution,yes
,,,,pptx/key feature distributions - dfinancial features defaulters vs non defaulters.png,,,duplicate_delete,"pptx/key feature distributions - AMT_INCOME_TOTAL, AMT_CREDIT, AMT_ANNUITY, AMT_GOODS_PRICE bdistribution by target.png",no,no,Chapter 3 / Financial Variables,fig:financial_dist,yes
3.22,chap3/data_collection.tex,fig:ext_source_dist,External Risk Score Analysis,pptx/key feature distributions - external source distributions by target.png,External Scores by Default,"External Source Score distributions by default status. All three scores show clear separation between defaulters and non-defaulters, with defaulters concentrated in the lower score ranges.",included,,yes,no,External Risk Score Analysis,,no
1.1,chap1/introduction_main.tex,fig:model_architecture,Methodology Scope,pptx/model architecture.png,Model Architecture,"Overall model architecture showing the flow from raw data sources through feature engineering, model training, and evaluation.",included,,no,no,Methodology Scope,,no
3.8,chap3/data_collection.tex,fig:target_dist,Target Variable Analysis,pptx/quick summary stats - default vs no default donut.png,Target variable distribution showing 8,"Target variable distribution showing 8.07\% default rate (24,825 defaults out of 307,511 applications). The 1:11.4 class ratio necessitates specialised handling during model training.",included,,no,no,Target Variable Analysis,,no
,,,,pptx/quick summary stats - gender distribution and default by category.png,,,duplicate_delete,notebook/home_credit_eda_contract_type_gender_4.png,no,no,Chapter 3 / Contract Type and Gender,fig:contract_gender_2,yes
3.34,chap3/data_collection.tex,fig:predictive_power,Combined Behavioural Uplift,pptx/quick summary stats - predictive power by data source.png,Predictive power contribution by data source,"Predictive power contribution by data source. Application data provides the baseline, while bureau and behavioural tables each contribute incremental predictive signal, totalling approximately 3.1\% AUC uplift.",included,,no,no,Combined Behavioural Uplift,,no
1.3,chap1/introduction_main.tex,fig:stakeholders_bureau,Stakeholder Analysis,pptx/stakeholders - credit bureau companies.png,"Credit Bureau Companies key concerns include ROI, integration complexity, and","Credit Bureau Companies -- key concerns include ROI, integration complexity, and strategic fit.",included,,no,no,Stakeholder Analysis,,no
1.4,chap1/introduction_main.tex,fig:stakeholders_regulators,Stakeholder Analysis,pptx/stakeholders - regulators.png,"Regulators \& Governments key concerns include risk exposure, data governance,","Regulators \& Governments -- key concerns include risk exposure, data governance, and model fairness.",included,,no,no,Stakeholder Analysis,,no
1.2,chap1/introduction_main.tex,fig:stakeholders_banking,Stakeholder Analysis,pptx/stakeholders-banking and financial partners.png,"Banking \& Financial Partners key concerns include profitability, customer trust,","Banking \& Financial Partners -- key concerns include profitability, customer trust, and data privacy.",included,,no,no,Stakeholder Analysis,,no
4.1,chap4/feature_engineering.tex,fig:trad_vs_alt,Traditional vs Alternative Data Strategy,pptx/why two data startegies - traditional + alternative data.png,Traditional Data strategy (left) versus Combined Traditional + Alternative Data,Traditional Data strategy (left) versus Combined Traditional + Alternative Data strategy (right). The traditional approach captures \textit{who} the applicant is at the time of application; the combined approach additionally captures \textit{how} the applicant behaves with credit over time.,included,,no,no,Traditional vs Alternative Data Strategy,,no
4.1,chap4/feature_engineering.tex,fig:trad_vs_alt,Traditional vs Alternative Data Strategy,pptx/why two data startegies - traditional data.png,Traditional Data strategy (left) versus Combined Traditional + Alternative Data,Traditional Data strategy (left) versus Combined Traditional + Alternative Data strategy (right). The traditional approach captures \textit{who} the applicant is at the time of application; the combined approach additionally captures \textit{how} the applicant behaves with credit over time.,included,,no,no,Traditional vs Alternative Data Strategy,,no
4.2,chap4/feature_engineering.tex,fig:woe_iv,WoE/IV Feature Selection,pptx/woe iv feature selection - combined pipeline.png,Combined WoE and IV,"WoE/IV feature-selection results for the combined pipeline. The overall IV distribution shows that while most features are individually weak, approximately 70 features exceed the usability threshold.",included,,no,no,WoE/IV Feature Selection,,no
,,,,rag_session.png,,,non_dissertation_asset,,no,no,,,no
,,,,texstudio_build.png,,,non_dissertation_asset,,no,no,,,no
,,,,texstudio_commands.png,,,non_dissertation_asset,,no,no,,,no
,,,,umlogo_crest_gray.jpg,,,non_dissertation_asset,,no,no,,,no
,,,,umlogo_crest_gray1.jpg,,,non_dissertation_asset,,no,no,,,no
,,,,umlogo_crest_gray2.jpg,,,non_dissertation_asset,,no,no,,,no
,,,,umlogo_crest_red.jpg,,,non_dissertation_asset,,no,no,,,no
,,,,umlogo_full_red.jpg,,,non_dissertation_asset,,no,no,,,no
,,,,umlogo_full_red1.jpg,,,non_dissertation_asset,,no,no,,,no
D.2,appD/appendix_d_main.tex,fig:calibration_curve_appendix,Modelling Supplementary Figures,venky/calibration_curve_predicted_vs_actual.png,Detailed Calibration Curve,Calibration curve (predicted versus actual default rate). The systematic underprediction at higher predicted probabilities is visible as the curve falls below the ideal diagonal.,included,,no,no,Modelling Supplementary Figures,,no
,,,,venky/correlation_heatmap_of_macro_features.png,,,intentionally_excluded,,no,no,,,no
,,,,venky/distribution_of_external_source_1.png,,,intentionally_excluded,,no,no,,,no
,,,,venky/distribution_of_external_source_2.png,,,intentionally_excluded,,no,no,,,no
,,,,venky/distribution_of_external_source_3.png,,,intentionally_excluded,,no,no,,,no
,,,,venky/education_level_vs_default_risk.png,,,intentionally_excluded,,no,no,,,no
4.3,chap4/feature_engineering.tex,fig:iv_top_features,WoE/IV Feature Selection,venky/fairness_metric_demographic_parity.png,Top IV Features,"Top 30 features by information value for the traditional scorecard feature-selection workflow. The ranking reinforces the dominance of the \texttt{EXT\_SOURCE} variables, followed by bureau exposure, employment duration, and instalment repayment features.",included,,no,no,WoE/IV Feature Selection,,no
,,,,venky/fairness_metric_equalized_odds.png,,,converted_to_table,,yes,yes,Chapter 4 / Feature selection,,yes
,,,,venky/family_status_and_risk_variance.png,,,intentionally_excluded,,no,no,,,no
,,,,venky/feature_importance_baseline_model.png,,,intentionally_excluded,,no,no,,,no
,,,,venky/loan_type_distribution.png,,,intentionally_excluded,,no,no,,,no
,,,,venky/occupation_type_analysis.png,,,intentionally_excluded,,no,no,,,no
4.6,chap4/feature_engineering.tex,fig:pca_variance_ratio,Dimensionality Reduction: PCA Analysis,venky/pca_component_variance_ratio.png,PCA Variance Ratios,PCA component variance ratios showing the rapid decay in explained variance after the first few components. The long tail of components each explaining $<2\%$ of variance reflects the high-dimensional nature of credit risk data.,included,,no,no,Dimensionality Reduction: PCA Analysis,,no
5.10,chap5/predictive_modeling.tex,fig:pr_curve,Model Comparison Summary,venky/precision_recall_curve.png,Precision Recall Curve,"Precision-Recall curve for the champion model. In the imbalanced credit risk setting, the PR curve provides a more informative view than the ROC curve, as it is not inflated by the large number of true negatives~\cite{saito2015}.",included,,no,no,Model Comparison Summary,,no
5.9,chap5/predictive_modeling.tex,fig:roc_champion,Model Comparison Summary,venky/roc_curve_champion_model.png,Champion ROC Curve,"ROC curve for the champion LightGBM model (AUC = 0.78). The curve shows good separation from the diagonal, with performance particularly strong in the low false-positive-rate region most relevant for credit scoring.",included,,no,no,Model Comparison Summary,,no
3.30,chap3/data_collection.tex,fig:prev_app_contract_mix,Previous Application Analysis,venky/shap_summary_plot_risk_drivers.png,Previous Contract Mix,"Previous application contract status by contract type. Consumer loans are overwhelmingly approved, while cash and revolving loans show a more mixed pattern across cancelled, refused, and unused-offer outcomes.",included,,yes,no,Previous Application Analysis,,no
,,,,venky/target_distribution_default_vs_non_default.png,,,intentionally_excluded,,no,no,,,no
,,,,venky/weight_of_evidence_woe_plot_1.png,,,intentionally_excluded,,no,no,Excluded from feature-selection chapter,,yes
,,,,venky/weight_of_evidence_woe_plot_2.png,,,intentionally_excluded,,no,no,Excluded from feature-selection chapter,,yes
